Date,AAPL,AMZN,DELL,GOOGL,MSFT,TSLA
2020-01-02,73.34793853759766,94.90049743652344,25.43775749206543,68.43399810791016,155.4220733642578,28.68400001525879
2020-01-03,72.63484191894531,93.74849700927734,24.60102081298828,68.07599639892578,153.48675537109375,29.534000396728516
2020-01-06,73.213623046875,95.14399719238281,24.84912109375,69.8905029296875,153.88351440429688,30.1026668548584
2020-01-07,72.86929321289062,95.34300231933594,24.226430892944336,69.75550079345703,152.48040771484375,31.270666122436523
2020-01-08,74.04149627685547,94.59850311279297,24.323728561401367,70.25199890136719,154.9092254638672,32.80933380126953
2020-01-09,75.61417388916016,95.05249786376953,24.138866424560547,70.989501953125,156.844482421875,32.089332580566406
2020-01-10,75.7851333618164,94.15799713134766,24.085355758666992,71.447998046875,156.11875915527344,31.876667022705078
2020-01-13,77.40422058105469,94.56500244140625,24.241025924682617,72.00150299072266,157.9959716796875,34.990665435791016
2020-01-14,76.35902404785156,93.47200012207031,24.74209976196289,71.52950286865234,156.8831787109375,35.861331939697266
2020-01-15,76.03177642822266,93.10099792480469,24.61561393737793,71.95999908447266,157.89920043945312,34.56666564941406
2020-01-16,76.98419952392578,93.89700317382812,24.97560691833496,72.50800323486328,160.7924346923828,34.232666015625
2020-01-17,77.83649444580078,93.23600006103516,24.4891300201416,73.97599792480469,161.69235229492188,34.03333282470703
2020-01-21,77.30899047851562,94.5999984741211,23.978334426879883,74.11250305175781,161.11172485351562,36.47999954223633
2020-01-22,77.58494567871094,94.37300109863281,24.29454231262207,74.19349670410156,160.33766174316406,37.97066879272461
2020-01-23,77.9585952758789,94.22899627685547,24.50372314453125,74.2344970703125,161.3246307373047,38.14666748046875
2020-01-24,77.73391723632812,93.08200073242188,24.313997268676758,73.30850219726562,159.69898986816406,37.654666900634766
2020-01-27,75.44812774658203,91.41699981689453,23.423751831054688,71.58650207519531,157.02830505371094,37.201332092285156
2020-01-28,77.58251190185547,92.6624984741211,23.681583404541016,72.5250015258789,160.1054229736328,37.793331146240234
2020-01-29,79.20649719238281,92.9000015258789,23.81293296813965,72.83499908447266,162.60191345214844,38.732666015625
2020-01-30,79.09171295166016,93.53399658203125,24.02211570739746,72.7125015258789,167.1885223388672,42.72066879272461
2020-01-31,75.58488464355469,100.43599700927734,23.725364685058594,71.63899993896484,164.72103881835938,43.371334075927734
2020-02-03,75.3772964477539,100.20999908447266,23.92481803894043,74.12999725341797,168.7367706298828,52.0
2020-02-04,77.86577606201172,102.4834976196289,24.824796676635742,72.27050018310547,174.291015625,59.137332916259766
2020-02-05,78.50072479248047,101.99349975585938,24.708044052124023,72.30249786376953,174.078125,48.97999954223633
2020-02-06,79.4189453125,102.5114974975586,25.710180282592773,73.79850006103516,177.68743896484375,49.930667877197266
2020-02-07,78.33943939208984,103.96399688720703,25.111818313598633,73.95549774169922,177.93898010253906,49.871334075927734
2020-02-10,78.71151733398438,106.69550323486328,25.350191116333008,75.43299865722656,182.59332275390625,51.41866683959961
2020-02-11,78.23661041259766,107.54000091552734,25.42316246032715,75.50299835205078,178.47119140625,51.62533187866211
2020-02-12,80.09456634521484,108.0,25.929096221923828,75.93150329589844,178.7324676513672,51.15266799926758
2020-02-13,79.52421569824219,107.49349975585938,25.564237594604492,75.66950225830078,177.76483154296875,53.599998474121094
2020-02-14,79.54378509521484,106.74349975585938,25.724775314331055,75.9365005493164,179.3517303466797,53.33533477783203
2020-02-18,78.0873031616211,107.78350067138672,25.6712646484375,75.97200012207031,181.17088317871094,57.22666549682617
2020-02-19,79.21821594238281,108.51100158691406,25.948551177978516,76.24349975585938,181.71426391601562,61.16133117675781
2020-02-20,78.40552520751953,107.65499877929688,25.75882911682129,75.84950256347656,178.93923950195312,59.96066665649414
2020-02-21,76.63081359863281,104.79850006103516,25.160463333129883,74.1729965209961,173.28250122070312,60.06666564941406
2020-02-24,72.99082946777344,100.4645004272461,23.501585006713867,70.99299621582031,165.81134033203125,55.58599853515625
2020-02-25,70.5184555053711,98.63700103759766,22.48485565185547,69.31600189208984,163.07516479492188,53.32733154296875
2020-02-26,71.63715362548828,98.97949981689453,22.343778610229492,69.52349853515625,165.11273193359375,51.91999816894531
2020-02-27,66.95435333251953,94.21499633789062,21.190834045410156,65.74749755859375,153.4790802001953,45.266666412353516
2020-02-28,66.9151840209961,94.1875,19.68276023864746,66.9625015258789,157.1952362060547,44.53266525268555
2020-03-02,73.1450424194336,97.69750213623047,20.621658325195312,69.31600189208984,167.65487670898438,49.574668884277344
2020-03-03,70.82201385498047,95.44950103759766,20.324907302856445,66.88600158691406,159.62095642089844,49.70066833496094
2020-03-04,74.10704040527344,98.79149627685547,21.103267669677734,69.08000183105469,165.48147583007812,49.96666717529297
2020-03-05,71.70323181152344,96.20149993896484,19.872486114501953,65.73799896240234,161.32867431640625,48.30266571044922
2020-03-06,70.75102233886719,95.05449676513672,19.27412223815918,64.78700256347656,156.76832580566406,46.89866638183594
2020-03-09,65.1551742553711,90.03050231933594,17.634702682495117,60.78950119018555,146.1437530517578,40.53333282470703
2020-03-10,69.84774780273438,94.59100341796875,19.04061508178711,63.75849914550781,156.13763427734375,43.02199935913086
2020-03-11,67.42189025878906,91.04299926757812,17.97037124633789,60.54499816894531,149.06430053710938,42.28200149536133
2020-03-12,60.763671875,83.83049774169922,15.927177429199219,55.57749938964844,134.92730712890625,37.369998931884766
2020-03-13,68.04364776611328,89.25,17.488759994506836,60.7135009765625,154.1097412109375,36.44133377075195
2020-03-16,59.2900505065918,84.4574966430664,15.669347763061523,53.650001525878906,131.3954620361328,29.67133331298828
2020-03-17,61.89704132080078,90.39199829101562,15.236384391784668,55.90299987792969,142.21409606933594,28.68000030517578
2020-03-18,60.381797790527344,91.5,14.04452133178711,54.55950164794922,136.2274932861328,24.08133316040039
2020-03-19,59.919158935546875,94.04650115966797,15.547728538513184,55.583499908447266,138.4688262939453,28.50933265686035
2020-03-20,56.11515808105469,92.30449676513672,15.805559158325195,53.410499572753906,133.2681427001953,28.50200080871582
2020-03-23,54.923038482666016,95.1415023803711,16.51094627380371,52.70650100708008,131.93881225585938,28.952667236328125
2020-03-24,60.43321228027344,97.00499725341797,18.8995361328125,56.5004997253418,143.93153381347656,33.66666793823242
2020-03-25,60.10029983520508,94.29199981689453,19.137908935546875,55.08100128173828,142.55372619628906,35.95000076293945
2020-03-26,63.262962341308594,97.77449798583984,20.694629669189453,58.145999908447266,151.4705810546875,35.21066665649414
2020-03-27,60.64372634887695,95.00499725341797,18.850889205932617,55.51300048828125,145.25108337402344,34.29066848754883
2020-03-30,62.37437438964844,98.19750213623047,19.36168670654297,57.31549835205078,155.46815490722656,33.47533416748047
2020-03-31,62.2470817565918,97.48600006103516,19.240070343017578,58.09749984741211,153.0230712890625,34.93333435058594
2020-04-01,58.97183609008789,95.38500213623047,17.950912475585938,55.10499954223633,147.58946228027344,32.104000091552734
2020-04-02,59.95586395263672,95.94149780273438,18.067665100097656,55.85150146484375,150.64585876464844,30.29800033569336
2020-04-03,59.0942268371582,95.32949829101562,17.727130889892578,54.6349983215332,149.25833129882812,32.000667572021484
2020-04-06,64.24944305419922,99.87950134277344,18.928728103637695,59.15950012207031,160.3583526611328,34.41600036621094
2020-04-07,63.50528335571289,100.58000183105469,18.66602897644043,59.12799835205078,158.63125610351562,36.36333465576172
2020-04-08,65.13067626953125,102.1500015258789,19.643844604492188,60.349998474121094,160.2225341796875,36.589332580566406
2020-04-09,65.60066223144531,102.13800048828125,20.21788215637207,60.32849884033203,160.2322540283203,38.20000076293945
2020-04-13,66.88826751708984,108.44349670410156,19.68276023864746,60.52050018310547,160.59120178222656,43.39666748046875
2020-04-14,70.26632690429688,114.16600036621094,20.110858917236328,63.26150131225586,168.53782653808594,47.32600021362305
2020-04-15,69.62496185302734,115.38400268554688,19.67789649963379,62.8650016784668,166.7719268798828,48.65533447265625
2020-04-16,70.1781997680664,120.40950012207031,19.994104385375977,62.871498107910156,171.77854919433594,49.680667877197266
2020-04-17,69.22598266601562,118.75,20.193559646606445,63.95000076293945,173.29222106933594,50.259334564208984
2020-04-20,67.7890625,119.68049621582031,19.925994873046875,63.057498931884766,169.857421875,49.75733184814453
2020-04-21,65.69368743896484,116.40599822998047,18.194150924682617,60.608001708984375,162.83258056640625,45.781333923339844
2020-04-22,67.58590698242188,118.17449951171875,18.850889205932617,62.920501708984375,168.36318969726562,48.807334899902344
2020-04-23,67.32398986816406,119.97250366210938,18.928728103637695,63.55849838256836,166.32559204101562,47.04199981689453
2020-04-24,69.26760864257812,120.51100158691406,19.30817413330078,63.83000183105469,169.3625946044922,48.34333419799805
2020-04-27,69.31656646728516,118.80000305175781,19.551414489746094,63.542999267578125,168.87747192382812,53.25
2020-04-28,68.19298553466797,115.7040023803711,19.86762237548828,61.62950134277344,164.76345825195312,51.27466583251953
2020-04-29,70.43278503417969,118.635498046875,21.10813331604004,67.10900115966797,172.15696716308594,53.367332458496094
2020-04-30,71.91864013671875,123.69999694824219,20.76759910583496,67.33499908447266,173.8841094970703,52.12533187866211
2020-05-01,70.76081085205078,114.302001953125,19.458986282348633,65.86599731445312,169.38197326660156,46.75466537475586
2020-05-04,71.76199340820312,115.79949951171875,19.726543426513672,66.1449966430664,173.52508544921875,50.74599838256836
2020-05-05,72.83906555175781,115.88999938964844,19.551414489746094,67.45099639892578,175.38803100585938,51.2140007019043
2020-05-06,73.59054565429688,117.56300354003906,19.697357177734375,67.27149963378906,177.11512756347656,52.172000885009766
2020-05-07,74.3518295288086,118.38050079345703,20.31031608581543,68.46399688720703,178.14361572265625,52.00266647338867
2020-05-08,76.12155151367188,118.98049926757812,21.234615325927734,69.21700286865234,179.1915283203125,54.62799835205078
2020-05-11,77.3193359375,120.44999694824219,21.098403930664062,70.17949676513672,181.1903076171875,54.08599853515625
2020-05-12,76.43571472167969,117.84750366210938,20.553550720214844,68.75900268554688,177.08599853515625,53.96066665649414
2020-05-13,75.51282501220703,118.39600372314453,19.960054397583008,67.41649627685547,174.40805053710938,52.73066711425781
2020-05-14,75.97673034667969,119.44249725341797,20.36382484436035,67.84300231933594,175.1648712158203,53.55533218383789
2020-05-15,75.52754211425781,120.48899841308594,20.47571563720703,68.65299987792969,177.71670532226562,53.27799987792969
2020-05-18,77.30707550048828,121.31300354003906,21.29785919189453,69.25900268554688,179.41468811035156,54.242000579833984
2020-05-19,76.86034393310547,122.46649932861328,21.424341201782227,68.72000122070312,178.17276000976562,53.867332458496094
2020-05-20,78.35514831542969,124.89700317382812,21.725954055786133,70.45800018310547,180.64413452148438,54.37066650390625
2020-05-21,77.7709732055664,122.33699798583984,21.594606399536133,70.3375015258789,178.474365234375,55.17333221435547
2020-05-22,78.27169036865234,121.84400177001953,20.95246124267578,70.66200256347656,178.5522003173828,54.45866775512695
2020-05-26,77.74150848388672,121.09300231933594,21.628660202026367,71.06849670410156,176.66461181640625,54.591331481933594
2020-05-27,78.08023071289062,120.51950073242188,22.168649673461914,71.01399993896484,176.89810180664062,54.68199920654297
2020-05-28,78.11460876464844,120.05500030517578,22.173511505126953,70.91200256347656,176.4991912841797,53.72066879272461
2020-05-29,78.03850555419922,122.11849975585938,24.148595809936523,71.6760025024414,178.2991943359375,55.66666793823242
2020-06-01,78.99822235107422,123.552001953125,24.017250061035156,71.74349975585938,177.8905792236328,59.87333297729492
2020-06-02,79.36393737792969,123.62049865722656,23.91022491455078,72.1155014038086,179.91436767578125,58.770668029785156
2020-06-03,79.80084228515625,123.91999816894531,23.744823455810547,71.9625015258789,180.3522186279297,58.86399841308594
2020-06-04,79.11357879638672,123.02999877929688,23.934553146362305,70.71499633789062,177.97811889648438,57.62533187866211
2020-06-05,81.36681365966797,124.1500015258789,24.57669448852539,72.0009994506836,182.14251708984375,59.04399871826172
2020-06-08,81.84789276123047,126.2030029296875,25.131277084350586,72.4020004272461,183.27114868164062,63.327999114990234
2020-06-09,84.43248748779297,130.04299926757812,24.33832550048828,72.60399627685547,184.67225646972656,62.711334228515625
2020-06-10,86.60472869873047,132.37249755859375,24.026981353759766,73.23500061035156,191.52207946777344,68.336669921875
2020-06-11,82.4468002319336,127.89800262451172,22.66485023498535,70.09500122070312,181.23764038085938,64.85600280761719
2020-06-12,83.1585922241211,127.2509994506836,22.815656661987305,70.64600372314453,182.6678924560547,62.35200119018555
2020-06-15,84.18704986572266,128.63400268554688,22.893491744995117,71.03700256347656,183.83551025390625,66.05999755859375
2020-06-16,86.41817474365234,130.7635040283203,23.19510841369629,72.32350158691406,188.3404083251953,65.47533416748047
2020-06-17,86.29791259765625,132.0489959716797,23.117271423339844,72.62699890136719,188.99229431152344,66.11933135986328
2020-06-18,86.3322982788086,132.69900512695312,23.06862449645996,71.70600128173828,191.01611328125,66.9306640625
2020-06-19,85.83892059326172,133.75050354003906,23.798337936401367,71.23200225830078,189.8777313232422,66.72666931152344
2020-06-22,88.08480072021484,135.6909942626953,23.491857528686523,72.53299713134766,195.15130615234375,66.28800201416016
2020-06-23,89.96493530273438,138.2205047607422,23.842119216918945,73.1989974975586,196.45509338378906,66.78533172607422
2020-06-24,88.37687683105469,136.72000122070312,25.83180046081543,71.63500213623047,192.4950408935547,64.0566635131836
2020-06-25,89.55012512207031,137.72900390625,25.102087020874023,72.05500030517578,194.92750549316406,65.73200225830078
2020-06-26,86.79863739013672,134.64349365234375,25.418296813964844,68.12699890136719,191.02584838867188,63.982666015625
2020-06-29,88.79906463623047,134.0189971923828,26.152873992919922,69.8584976196289,193.07882690429688,67.29000091552734
2020-06-30,89.54029846191406,137.9409942626953,26.72691535949707,70.90249633789062,198.01185607910156,71.98733520507812
2020-07-01,89.37095642089844,143.93499755859375,26.405841827392578,72.0999984741211,199.1697235107422,74.64199829101562
2020-07-02,89.37095642089844,144.51499938964844,26.148008346557617,73.49649810791016,200.68756103515625,80.57733154296875
2020-07-06,91.76164245605469,152.8520050048828,26.29881477355957,74.98249816894531,205.00762939453125,91.43866729736328
2020-07-07,91.47692108154297,150.00599670410156,25.75882911682129,74.49600219726562,202.62380981445312,92.65733337402344
2020-07-08,93.607421875,154.0554962158203,26.34259796142578,75.18000030517578,207.08009338378906,91.05867004394531
2020-07-09,94.00996398925781,159.13150024414062,26.118820190429688,75.93299865722656,208.52981567382812,92.9520034790039
2020-07-10,94.17440795898438,160.0,25.992334365844727,76.95050048828125,207.8973846435547,102.97666931152344
2020-07-13,93.73998260498047,155.1999969482422,25.18478775024414,75.61150360107422,201.4757080078125,99.80400085449219
2020-07-14,95.29122161865234,154.1999969482422,25.539915084838867,76.04299926757812,202.7211151123047,101.12000274658203
2020-07-15,95.94658660888672,150.44349670410156,25.62748146057129,75.84400177001953,202.41946411132812,103.06732940673828
2020-07-16,94.76596069335938,149.9949951171875,28.750648498535156,75.74600219726562,198.41078186035156,100.04266357421875
2020-07-17,94.57450866699219,148.09849548339844,29.36846923828125,75.84249877929688,197.3988800048828,100.05599975585938
2020-07-20,96.56755828857422,159.8419952392578,29.893863677978516,78.19200134277344,205.88333129882812,109.53333282470703
2020-07-21,95.23477935791016,156.9145050048828,29.704139709472656,77.7959976196289,203.11032104492188,104.55733489990234
2020-07-22,95.50230407714844,154.99549865722656,30.04467010498047,78.24250030517578,206.0292510986328,106.15533447265625
2020-07-23,91.15538024902344,149.32749938964844,29.927915573120117,75.8375015258789,197.06805419921875,100.87133026123047
2020-07-24,90.92955017089844,150.44549560546875,29.577653884887695,75.4104995727539,195.86155700683594,94.46666717529297
2020-07-27,93.08462524414062,152.760498046875,29.65549087524414,76.47149658203125,198.34266662597656,102.63999938964844
2020-07-28,91.55546569824219,150.01649475097656,28.881996154785156,75.18250274658203,196.56211853027344,98.43267059326172
2020-07-29,93.31044006347656,151.67649841308594,29.03766632080078,76.17549896240234,198.5469970703125,99.94066619873047
2020-07-30,94.43951416015625,152.593994140625,28.779836654663086,76.91850280761719,198.39134216308594,99.16600036621094
2020-07-31,104.32625579833984,158.23399353027344,29.10577392578125,74.39749908447266,199.47132873535156,95.38400268554688
2020-08-03,106.95503234863281,155.59449768066406,29.421981811523438,74.13800048828125,210.68984985351562,99.0
2020-08-04,107.6692886352539,156.94149780273438,29.344148635864258,73.66500091552734,207.5276641845703,99.13333129882812
2020-08-05,108.05955505371094,160.25149536132812,29.48522186279297,73.95449829101562,207.18711853027344,99.00133514404297
2020-08-06,111.82965850830078,161.25,29.650625228881836,75.24749755859375,210.50498962402344,99.30533599853516
2020-08-07,109.2871322631836,158.3730010986328,29.577653884887695,74.91850280761719,206.7395477294922,96.84733581542969
2020-08-10,110.8756103515625,157.4080047607422,30.078723907470703,74.84100341796875,202.62380981445312,94.57133483886719
2020-08-11,107.57817840576172,154.0334930419922,29.937646865844727,74.0270004272461,197.88536071777344,91.6259994506836
2020-08-12,111.1534652709961,158.11199951171875,30.078723907470703,75.36199951171875,203.5384063720703,103.65066528320312
2020-08-13,113.12060546875,158.05099487304688,28.974424362182617,75.8324966430664,203.0616455078125,108.06666564941406
2020-08-14,113.0197982788086,157.4010009765625,29.14469337463379,75.23149871826172,203.25624084472656,110.04733276367188
2020-08-17,112.72471618652344,159.12049865722656,29.03766632080078,75.81199645996094,204.59896850585938,122.3759994506836
2020-08-18,113.66401672363281,165.62449645996094,29.198204040527344,77.78900146484375,205.77626037597656,125.80599975585938
2020-08-19,113.806640625,163.0240020751953,29.115503311157227,77.23049926757812,204.52783203125,125.23533630371094
2020-08-20,116.33197021484375,164.86849975585938,29.023075103759766,78.8125,209.28749084472656,133.45533752441406
2020-08-21,122.32685852050781,164.23599243164062,29.412254333496094,78.77850341796875,207.7659912109375,136.6653289794922
2020-08-24,123.78990173339844,165.3730010986328,29.947372436523438,79.25749969482422,208.41944885253906,134.27999877929688
2020-08-25,122.77437591552734,167.32449340820312,29.49981689453125,80.2925033569336,211.130859375,134.8893280029297
2020-08-26,124.44398498535156,172.09249877929688,30.224666595458984,82.20649719238281,215.6954345703125,143.54466247558594
2020-08-27,122.95632934570312,170.0,30.370609283447266,81.4260025024414,220.99151611328125,149.25
2020-08-28,122.75715637207031,170.08999633789062,32.20948028564453,81.97149658203125,223.26406860351562,147.55999755859375
2020-08-31,126.92009735107422,172.54800415039062,32.146244049072266,81.47650146484375,219.96743774414062,166.10667419433594
2020-09-01,131.97567749023438,174.95599365234375,32.28731918334961,82.75399780273438,221.66448974609375,158.35000610351562
2020-09-02,129.24134826660156,176.57249450683594,33.30891418457031,85.86949920654297,225.93646240234375,149.1233367919922
2020-09-03,118.8941650390625,168.39999389648438,31.883543014526367,81.47550201416016,211.94039916992188,135.6666717529297
2020-09-04,118.97285461425781,164.7310028076172,31.450586318969727,79.06050109863281,208.9656219482422,139.44000244140625
2020-09-08,110.9665756225586,157.49200439453125,31.20734405517578,76.18000030517578,197.66146850585938,110.06999969482422
2020-09-09,115.39265441894531,163.4304962158203,32.51595687866211,77.36150360107422,206.07862854003906,122.09333038330078
2020-09-10,111.62556457519531,158.7554931640625,31.834897994995117,76.30249786376953,200.3046417236328,123.77999877929688
2020-09-11,110.1600570678711,155.81100463867188,32.29704284667969,75.78800201416016,198.99769592285156,124.23999786376953
2020-09-14,113.46485900878906,155.14849853515625,32.52082824707031,75.44149780273438,200.34365844726562,139.8733367919922
2020-09-15,113.64190673828125,157.80650329589844,32.64244842529297,76.75599670410156,203.63052368164062,149.9199981689453
2020-09-16,110.28792572021484,153.90499877929688,32.77378845214844,75.60449981689453,199.9925537109375,147.25332641601562
2020-09-17,108.5273208618164,150.43649291992188,32.37974548339844,74.35199737548828,197.90533447265625,141.14332580566406
2020-09-18,105.0848159790039,147.74549865722656,32.28731918334961,72.55449676513672,195.44747924804688,147.38333129882812
2020-09-21,108.27159881591797,148.02349853515625,31.86408233642578,71.50700378417969,197.54443359375,149.79666137695312
2020-09-22,109.97317504882812,156.44949340820312,32.25812530517578,72.99099731445312,202.3040771484375,141.41000366210938
2020-09-23,105.36023712158203,149.9929962158203,31.917598724365234,70.46949768066406,195.642578125,126.78666687011719
2020-09-24,106.44215393066406,150.989501953125,31.800844192504883,71.14299774169922,198.17845153808594,129.26333618164062
2020-09-25,110.4354476928711,154.75650024414062,31.971113204956055,71.9530029296875,202.69422912597656,135.77999877929688
2020-09-28,113.07142639160156,158.70249938964844,32.74460220336914,72.93299865722656,204.27426147460938,140.39999389648438
2020-09-29,112.21570587158203,157.24400329589844,33.274864196777344,73.3010025024414,202.1480255126953,139.69000244140625
2020-09-30,113.90745544433594,157.43649291992188,32.92946243286133,73.27999877929688,205.14234924316406,143.00332641601562
2020-10-01,114.87134552001953,161.06300354003906,32.85649108886719,74.3949966430664,207.2198028564453,149.3866729736328
2020-10-02,111.16329956054688,156.25,32.671630859375,72.77999877929688,201.1044158935547,138.3633270263672
2020-10-05,114.58612823486328,159.9600067138672,33.18243408203125,74.1415023803711,205.1910858154297,141.89332580566406
2020-10-06,111.30099487304688,154.9980010986328,32.82730484008789,72.5510025024414,200.83132934570312,137.9933319091797
2020-10-07,113.189453125,159.7845001220703,32.793251037597656,72.95700073242188,204.65463256835938,141.76666259765625
2020-10-08,113.08126831054688,159.52749633789062,33.401344299316406,74.17150115966797,205.38612365722656,141.97332763671875
2020-10-09,115.04841613769531,164.33250427246094,33.26999282836914,75.52249908447266,210.48715209960938,144.6666717529297
2020-10-12,122.3563461303711,172.14649963378906,33.6883659362793,78.22949981689453,215.93930053710938,147.43333435058594
2020-10-13,119.11054992675781,172.18150329589844,34.30132293701172,78.35350036621094,217.36326599121094,148.88333129882812
2020-10-14,119.19908142089844,168.1855010986328,34.36943054199219,78.1719970703125,215.41258239746094,153.76666259765625
2020-10-15,118.72696685791016,166.9324951171875,34.07268142700195,77.77349853515625,214.24217224121094,149.6266632080078
2020-10-16,117.0647201538086,163.635498046875,34.126190185546875,78.38500213623047,214.24217224121094,146.55667114257812
2020-10-19,114.07467651367188,160.36050415039062,33.80997848510742,76.49749755859375,208.9363555908203,143.61000061035156
2020-10-20,115.57953643798828,160.85049438476562,33.766204833984375,77.55400085449219,209.3557586669922,140.64666748046875
2020-10-21,114.95005798339844,159.2469940185547,33.97052001953125,79.29949951171875,209.50205993652344,140.8800048828125
2020-10-22,113.84844207763672,158.82000732421875,33.459720611572266,80.33300018310547,209.58982849121094,141.92999267578125
2020-10-23,113.15010833740234,160.22000122070312,33.16783905029297,81.64900207519531,210.8968048095703,140.2100067138672
2020-10-26,113.15995788574219,160.3520050048828,31.494367599487305,79.2145004272461,204.8984832763672,140.0933380126953
2020-10-27,114.68447875976562,164.31649780273438,30.92519187927246,79.94400024414062,207.99029541015625,141.55999755859375
2020-10-28,109.37319946289062,158.13900756835938,29.52900505065918,75.54000091552734,197.68099975585938,135.33999633789062
2020-10-29,113.4255142211914,160.55050659179688,29.44144058227539,77.84400177001953,199.67068481445312,136.94332885742188
2020-10-30,107.07164001464844,151.8074951171875,29.314956665039062,80.80549621582031,197.4761962890625,129.34666442871094
2020-11-02,106.98312377929688,150.2239990234375,29.329553604125977,81.21600341796875,197.33963012695312,133.50332641601562
2020-11-03,108.62568664550781,152.42050170898438,30.039804458618164,82.28299713134766,201.33851623535156,141.3000030517578
2020-11-04,113.06157684326172,162.05799865722656,30.273311614990234,87.2925033569336,211.05284118652344,140.32666015625
2020-11-05,117.07456970214844,166.10000610351562,31.382474899291992,88.125,217.7826690673828,146.02999877929688
2020-11-06,116.9415512084961,165.56849670410156,31.42139434814453,87.98650360107422,218.20204162597656,143.31666564941406
2020-11-09,114.6064682006836,157.18699645996094,31.251129150390625,88.07099914550781,213.0035400390625,140.4199981689453
2020-11-10,114.26163482666016,151.75100708007812,31.431123733520508,86.88600158691406,205.80551147460938,136.7866668701172
2020-11-11,117.7297592163086,156.8695068359375,31.562471389770508,87.36150360107422,211.20887756347656,139.0433349609375
2020-11-12,117.45389556884766,155.51400756835938,31.338695526123047,87.14099884033203,210.12623596191406,137.25332641601562
2020-11-13,117.50315856933594,156.4405059814453,32.160831451416016,88.61299896240234,211.16989135742188,136.1666717529297
2020-11-16,118.52783966064453,156.55299377441406,32.76405715942383,88.70149993896484,211.8721160888672,136.02999877929688
2020-11-17,117.63124084472656,156.7830047607422,33.01216506958008,88.08300018310547,209.17044067382812,147.20333862304688
2020-11-18,116.29126739501953,155.2729949951172,32.885677337646484,87.03199768066406,206.41281127929688,162.2133331298828
2020-11-19,116.89229583740234,155.8509979248047,33.32350540161133,87.92849731445312,207.72317504882812,166.42333984375
2020-11-20,115.6114501953125,154.97000122070312,33.24567413330078,86.81900024414062,205.73805236816406,163.20333862304688
2020-11-23,112.17284393310547,154.91949462890625,33.75160598754883,86.37799835205078,205.46426391601562,173.9499969482422
2020-11-24,113.47340393066406,155.9029998779297,34.2137565612793,88.19499969482422,209.13134765625,185.1266632080078
2020-11-25,114.32073211669922,159.2534942626953,33.73701095581055,88.20649719238281,209.14109802246094,191.3333282470703
2020-11-27,114.87247467041016,159.76699829101562,33.96565246582031,89.35099792480469,210.47103881835938,195.25332641601562
2020-11-30,117.29625701904297,158.40199279785156,33.581336975097656,87.72000122070312,209.33670043945312,189.1999969482422
2020-12-01,120.91219329833984,161.00399780273438,34.30618667602539,89.76799774169922,211.4293670654297,194.9199981689453
2020-12-02,121.26688385009766,160.17649841308594,34.30618667602539,91.24849700927734,210.60794067382812,189.60667419433594
2020-12-03,121.12895202636719,159.3365020751953,34.495914459228516,91.09200286865234,209.50294494628906,197.7933349609375
2020-12-04,120.44911193847656,158.12899780273438,35.0748176574707,91.18800354003906,209.62025451660156,199.67999267578125
2020-12-07,121.92701721191406,157.89999389648438,34.23807907104492,90.85150146484375,209.5518035888672,213.9199981689453
2020-12-08,122.54773712158203,158.864501953125,34.962928771972656,90.56649780273438,211.23377990722656,216.6266632080078
2020-12-09,119.98603057861328,155.2100067138672,34.79753112792969,88.89299774169922,207.11691284179688,201.4933319091797
2020-12-10,121.42453002929688,155.07449340820312,35.10400390625,88.38249969482422,205.86517333984375,209.02333068847656
2020-12-11,120.60675048828125,155.8209991455078,34.85103988647461,88.73999786376953,208.54458618164062,203.3300018310547
2020-12-14,119.98603057861328,157.84849548339844,35.235355377197266,87.61299896240234,209.46380615234375,213.27667236328125
2020-12-15,125.99617004394531,158.25599670410156,35.87263870239258,88.05400085449219,209.39535522460938,211.0833282470703
2020-12-16,125.92720031738281,162.04800415039062,35.935882568359375,87.8594970703125,214.43148803710938,207.58999633789062
2020-12-17,126.80406951904297,161.8040008544922,36.34451675415039,87.02549743652344,214.5684356689453,218.63333129882812
2020-12-18,124.79415893554688,160.08250427246094,35.47372817993164,86.31099700927734,213.75672912597656,231.6666717529297
2020-12-21,126.34101867675781,160.3090057373047,35.541831970214844,86.72799682617188,217.6682891845703,216.6199951171875
2020-12-22,129.937255859375,160.3260040283203,35.38129806518555,86.01100158691406,218.9884490966797,213.44667053222656
2020-12-23,129.0308074951172,159.2635040283203,35.70723342895508,86.4114990234375,216.1330108642578,215.32666015625
2020-12-24,130.02590942382812,158.63450622558594,35.50778579711914,86.70800018310547,217.82476806640625,220.58999633789062
2020-12-28,134.6763916015625,164.197998046875,35.43967056274414,88.697998046875,219.98590087890625,221.22999572753906
2020-12-29,132.88319396972656,166.10000610351562,34.78293228149414,87.88800048828125,219.19381713867188,221.99667358398438
2020-12-30,131.75013732910156,164.29249572753906,35.269405364990234,86.8125,216.77841186523438,231.5933380126953
2020-12-31,130.73532104492188,162.84649658203125,35.65372085571289,87.63200378417969,217.50205993652344,235.22332763671875
2021-01-04,127.5036392211914,159.3314971923828,35.26454544067383,86.30650329589844,212.87664794921875,243.2566680908203
2021-01-05,129.08004760742188,160.92550659179688,35.736427307128906,87.00250244140625,213.08201599121094,245.0366668701172
2021-01-06,124.73503112792969,156.91900634765625,36.03316879272461,86.14399719238281,207.55691528320312,251.9933319091797
2021-01-07,128.99139404296875,158.10800170898438,37.13747024536133,88.71700286865234,213.46337890625,272.0133361816406
2021-01-08,130.104736328125,159.13499450683594,37.5655632019043,89.8915023803711,214.76397705078125,293.3399963378906
2021-01-11,127.07999420166016,155.7104949951172,36.79207229614258,87.81449890136719,212.68106079101562,270.39666748046875
2021-01-12,126.90261840820312,156.04150390625,37.336917877197266,86.87149810791016,210.1776580810547,283.14666748046875
2021-01-13,128.96182250976562,158.29449462890625,34.65158462524414,87.36250305175781,211.5564727783203,284.8033447265625
2021-01-14,127.0110092163086,156.37350463867188,35.63426208496094,86.5459976196289,208.30992126464844,281.6666564941406
2021-01-15,125.2670669555664,155.21249389648438,36.12560272216797,86.38099670410156,207.94808959960938,275.38665771484375
2021-01-19,125.9469223022461,156.03799438476562,36.417484283447266,89.22350311279297,211.65428161621094,281.51666259765625
2021-01-20,130.0850372314453,163.16900634765625,37.48286437988281,94.00350189208984,219.37960815429688,283.48333740234375
2021-01-21,134.85374450683594,165.34950256347656,37.409889221191406,94.2074966430664,219.9956817626953,281.663330078125
2021-01-22,137.02134704589844,164.6114959716797,36.94287872314453,94.62799835205078,220.9540252685547,282.21331787109375
2021-01-25,140.81460571289062,164.6999969482422,36.8163948059082,94.71399688720703,224.45481872558594,293.6000061035156
2021-01-26,141.05108642578125,166.30650329589844,36.99152374267578,95.39749908447266,227.19296264648438,294.36334228515625
2021-01-27,139.96728515625,161.62899780273438,35.93101119995117,90.9469985961914,227.75033569335938,288.0533447265625
2021-01-28,135.07049560546875,161.88099670410156,35.960201263427734,92.66000366210938,233.6470184326172,278.4766540527344
2021-01-29,130.01608276367188,160.30999755859375,35.45913314819336,91.36799621582031,226.8311309814453,264.510009765625
2021-02-01,132.16395568847656,167.1439971923828,35.97479248046875,94.65350341796875,234.3511199951172,279.9366760253906
2021-02-02,133.00143432617188,169.0,37.54124069213867,95.95600128173828,234.2141876220703,290.92999267578125
2021-02-03,131.96690368652344,165.62649536132812,37.82339859008789,102.94400024414062,237.6270294189453,284.89666748046875
2021-02-04,135.36607360839844,166.5500030517578,38.58230209350586,102.68150329589844,236.65890502929688,283.3299865722656
2021-02-05,134.9467010498047,167.6074981689453,38.72823715209961,104.44149780273438,236.84471130371094,284.07666015625
2021-02-08,135.0947265625,166.14700317382812,38.88877868652344,104.22599792480469,237.10873413085938,287.8066711425781
2021-02-09,134.2066650390625,165.25,38.7185173034668,103.76950073242188,238.37998962402344,283.1533203125
2021-02-10,133.59486389160156,164.32899475097656,38.713645935058594,104.3239974975586,237.4510040283203,268.2733459472656
2021-02-11,133.33834838867188,163.10650634765625,38.67473220825195,104.4375,239.0841064453125,270.5533447265625
2021-02-12,133.5751190185547,163.885498046875,38.94228744506836,104.75150299072266,239.57301330566406,272.0400085449219
2021-02-16,131.42404174804688,163.44749450683594,38.64554214477539,105.53500366210938,238.3115234375,265.40667724609375
2021-02-17,129.10519409179688,165.4320068359375,38.5579719543457,105.93099975585938,239.35047912597656,266.04998779296875
2021-02-18,127.9902114868164,166.4114990234375,38.76715850830078,105.29049682617188,238.94862365722656,262.4599914550781
2021-02-19,128.14808654785156,162.4949951171875,39.29254913330078,104.44049835205078,236.1846160888672,260.4333190917969
2021-02-22,124.32937622070312,159.03700256347656,39.29254913330078,102.71299743652344,229.85292053222656,238.1666717529297
2021-02-23,124.19123840332031,159.72500610351562,39.190391540527344,103.00599670410156,228.63755798339844,232.94667053222656
2021-02-24,123.68799591064453,157.97650146484375,39.74010467529297,104.19049835205078,229.8921356201172,247.33999633789062
2021-02-25,119.38580322265625,152.85800170898438,38.76229476928711,100.79750061035156,224.44252014160156,227.4066619873047
2021-02-26,119.6522216796875,154.64649963378906,39.43849182128906,101.09549713134766,227.7652130126953,225.1666717529297
2021-03-01,126.09564208984375,157.3070068359375,40.421173095703125,103.48300170898438,232.2346649169922,239.47666931152344
2021-03-02,123.46105194091797,154.72650146484375,40.23631286621094,103.2239990234375,229.2256317138672,228.81333923339844
2021-03-03,120.44161987304688,150.25,40.66926956176758,100.57050323486328,223.0409393310547,217.73333740234375
2021-03-04,118.53720092773438,148.8784942626953,40.28009796142578,101.69650268554688,222.2274169921875,207.14666748046875
2021-03-05,119.81010437011719,150.0229949951172,41.520606994628906,104.85350036621094,227.00070190429688,199.31666564941406
2021-03-08,114.81719207763672,147.59750366210938,41.40385055541992,100.375,222.87432861328125,187.6666717529297
2021-03-09,119.48448181152344,153.1425018310547,42.07518768310547,102.01799774169922,229.13739013671875,224.52667236328125
2021-03-10,118.38919830322266,152.8820037841797,42.65408706665039,101.80950164794922,227.80441284179688,222.68666076660156
2021-03-11,120.34294891357422,155.67950439453125,43.11137390136719,105.0270004272461,232.42088317871094,233.1999969482422
2021-03-12,119.42527770996094,154.47450256347656,43.208675384521484,102.5,231.06829833984375,231.2433319091797
2021-03-15,122.34603881835938,154.08399963378906,43.44218063354492,102.72200012207031,230.14695739746094,235.97999572753906
2021-03-16,123.90506744384766,154.59300231933594,43.33515548706055,104.19450378417969,232.98939514160156,225.6266632080078
2021-03-17,123.10582733154297,156.7864990234375,44.4053955078125,104.11100006103516,232.33267211914062,233.93666076660156
2021-03-18,118.9319076538086,151.39950561523438,42.86327362060547,101.06700134277344,226.13818359375,217.72000122070312
2021-03-19,118.3990707397461,153.7480010986328,42.6297721862793,101.3479995727539,225.77552795410156,218.2899932861328
2021-03-22,121.75399017333984,155.5435028076172,42.493553161621094,101.53450012207031,231.30355834960938,223.3333282470703
2021-03-23,120.9152603149414,156.875,41.71519088745117,102.06649780273438,232.8619384765625,220.72000122070312
2021-03-24,118.49774169921875,154.35350036621094,42.007080078125,101.62650299072266,230.7840576171875,210.08999633789062
2021-03-25,118.9911117553711,152.31300354003906,41.83195114135742,101.62300109863281,227.72601318359375,213.4633331298828
2021-03-26,119.6028823852539,152.60150146484375,43.291378021240234,101.23650360107422,231.78378295898438,206.23666381835938
2021-03-29,119.78050231933594,153.7864990234375,42.91191864013672,102.28949737548828,230.56842041015625,203.76333618164062
2021-03-30,118.31026458740234,152.76449584960938,43.09678268432617,102.32350158691406,227.24575805664062,211.8733367919922
2021-03-31,120.53043365478516,154.70399475097656,42.88273239135742,103.1259994506836,231.087890625,222.64332580566406
2021-04-01,121.36915588378906,158.0500030517578,43.33515548706055,106.48899841308594,237.53726196289062,220.5833282470703
2021-04-05,124.23069763183594,161.3365020751953,43.47136688232422,110.947998046875,244.12376403808594,230.35000610351562
2021-04-06,124.53658294677734,161.1909942626953,43.529747009277344,110.46299743652344,242.93780517578125,230.5399932861328
2021-04-07,126.20418548583984,163.96949768066406,44.51728820800781,111.95149993896484,244.93727111816406,223.6566619873047
2021-04-08,128.63156127929688,164.96499633789062,45.037811279296875,112.52149963378906,248.22076416015625,227.93333435058594
2021-04-09,131.23655700683594,168.61000061035156,45.67023849487305,113.53350067138672,250.76913452148438,225.67333984375
2021-04-12,129.49990844726562,168.96949768066406,45.46105194091797,112.23100280761719,250.82791137695312,233.9933319091797
2021-04-13,132.64761352539062,170.0,45.013492584228516,112.72149658203125,253.35665893554688,254.10667419433594
2021-04-14,130.2794189453125,166.64999389648438,45.09619140625,112.09549713134766,250.51429748535156,244.07666015625
2021-04-15,132.71665954589844,168.95449829101562,48.1220703125,114.26249694824219,254.34666442871094,246.28334045410156
2021-04-16,132.38116455078125,169.9720001220703,49.338253021240234,114.13749694824219,255.56204223632812,246.5933380126953
2021-04-19,133.0522003173828,168.60049438476562,50.31119918823242,114.48799896240234,253.6017303466797,238.2100067138672
2021-04-20,131.34510803222656,166.7344970703125,49.3674430847168,113.95050048828125,253.13128662109375,239.663330078125
2021-04-21,131.7299346923828,168.1009979248047,49.33338928222656,113.9175033569336,255.40521240234375,248.0399932861328
2021-04-22,130.19061279296875,165.45199584960938,48.88582992553711,112.6259994506836,252.06292724609375,239.89666748046875
2021-04-23,132.53907775878906,167.04400634765625,49.33338928222656,114.99649810791016,255.96389770507812,243.13333129882812
2021-04-26,132.9337921142578,170.4499969482422,48.83231735229492,115.49649810791016,256.3559265136719,246.06666564941406
2021-04-27,132.6081085205078,170.8715057373047,48.99285888671875,114.54900360107422,256.76763916015625,234.913330078125
2021-04-28,131.80889892578125,172.9250030517578,48.36530303955078,117.9520034790039,249.50473022460938,231.46665954589844
2021-04-29,131.710205078125,173.5655059814453,48.647457122802734,119.63800048828125,247.49545288085938,225.6666717529297
2021-04-30,129.7169952392578,173.37100219726562,47.835044860839844,117.67500305175781,247.1719970703125,236.47999572753906
2021-05-03,130.7826690673828,169.32449340820312,47.56748580932617,117.15399932861328,246.85836791992188,228.3000030517578
2021-05-04,126.15484619140625,165.593505859375,46.954524993896484,115.34149932861328,242.8691864013672,224.53334045410156
2021-05-05,126.40154266357422,163.52699279785156,47.869102478027344,115.7385025024414,241.57540893554688,223.64666748046875
2021-05-06,128.01979064941406,165.31849670410156,48.53556442260742,116.86750030517578,244.77064514160156,221.17999267578125
2021-05-07,128.70179748535156,164.58050537109375,49.16312026977539,117.59649658203125,247.44644165039062,224.1233367919922
2021-05-10,125.38072204589844,159.52450561523438,48.491783142089844,114.5875015258789,242.2713165283203,209.67999267578125
2021-05-11,124.45160675048828,161.19549560546875,47.586944580078125,113.50299835205078,241.34014892578125,205.73333740234375
2021-05-12,121.34796905517578,157.5970001220703,45.77239227294922,110.01249694824219,234.25375366210938,196.6300048828125
2021-05-13,123.52249908447266,158.07350158691406,46.896148681640625,111.4520034790039,238.20372009277344,190.56333923339844
2021-05-14,125.97377014160156,161.14500427246094,47.88369369506836,113.91899871826172,243.22203063964844,196.5800018310547
2021-05-17,124.80742645263672,163.51950073242188,47.86423873901367,114.44599914550781,240.31100463867188,192.27667236328125
2021-05-18,123.40388488769531,161.61399841308594,47.74748229980469,113.12349700927734,238.25271606445312,192.6233367919922
2021-05-19,123.2457275390625,161.58999633789062,47.09074020385742,113.57499694824219,238.84214782714844,187.82000732421875
2021-05-20,125.83538055419922,162.38400268554688,47.971256256103516,115.34750366210938,242.14305114746094,195.5933380126953
2021-05-21,123.97715759277344,160.1540069580078,47.90314865112305,114.70649719238281,240.85609436035156,193.6266632080078
2021-05-24,125.62782287597656,162.24949645996094,48.71556854248047,118.052001953125,246.3673858642578,202.14666748046875
2021-05-25,125.43013763427734,162.95249938964844,48.40908432006836,118.14350128173828,247.2908477783203,201.56333923339844
2021-05-26,125.38072204589844,163.25799560546875,48.482051849365234,119.0155029296875,247.06491088867188,206.3766632080078
2021-05-27,123.82890319824219,161.5054931640625,48.50151824951172,118.13400268554688,244.9232635498047,210.28334045410156
2021-05-28,123.16667175292969,161.15350341796875,47.9858512878418,117.84249877929688,245.2867431640625,208.4066619873047
2021-06-01,122.8404769897461,160.9324951171875,50.03390884399414,119.05899810791016,243.04684448242188,207.96665954589844
2021-06-02,123.6114501953125,161.69949340820312,49.03177261352539,118.52950286865234,242.9486541748047,201.7066650390625
2021-06-03,122.10905456542969,159.35049438476562,49.45500946044922,117.37899780273438,241.3865966796875,190.94667053222656
2021-06-04,124.43183898925781,160.31100463867188,50.36471176147461,119.67849731445312,246.37721252441406,199.68333435058594
2021-06-07,124.44171905517578,159.90049743652344,50.02904510498047,120.11499786376953,249.34408569335938,201.7100067138672
2021-06-08,125.27198791503906,163.20550537109375,50.54957580566406,119.9219970703125,248.1259002685547,201.19667053222656
2021-06-09,125.657470703125,164.0574951171875,50.57389450073242,120.39700317382812,249.12794494628906,199.5933380126953
2021-06-10,124.6492919921875,167.4824981689453,50.49119567871094,121.75650024414062,252.7136993408203,203.3733367919922
2021-06-11,125.87493133544922,167.3415069580078,50.583621978759766,121.51000213623047,253.35231018066406,203.29666137695312
2021-06-14,128.9686737060547,169.19349670410156,49.98040008544922,122.44550323486328,255.3170623779297,205.89666748046875
2021-06-15,128.1383819580078,169.156494140625,50.038780212402344,121.41950225830078,253.81396484375,199.7866668701172
2021-06-16,128.64247131347656,170.7624969482422,49.985260009765625,120.77249908447266,252.85122680664062,201.6233367919922
2021-06-17,130.26348876953125,174.46200561523438,48.477195739746094,121.74349975585938,256.309326171875,205.53334045410156
2021-06-18,128.9488983154297,174.34500122070312,47.95180130004883,120.11100006103516,254.8651580810547,207.77000427246094
2021-06-21,130.7676239013672,172.697998046875,48.647457122802734,121.8125,258.0089111328125,206.94332885742188
2021-06-22,132.4281463623047,175.27200317382812,48.530704498291016,122.33049774169922,260.83819580078125,207.90333557128906
2021-06-23,132.15138244628906,175.1909942626953,48.268009185791016,122.12699890136719,260.6024169921875,218.85667419433594
2021-06-24,131.86473083496094,172.45399475097656,48.19989776611328,122.5,261.9974365234375,226.60667419433594
2021-06-25,131.56822204589844,170.072998046875,48.40422058105469,122.50849914550781,260.3567810058594,223.9566650390625
2021-06-28,133.2188720703125,172.1945037841797,48.525840759277344,122.53600311279297,263.9917297363281,229.57333374023438
2021-06-29,134.7509002685547,172.40699768066406,49.71770477294922,122.27249908447266,266.62457275390625,226.9199981689453
2021-06-30,135.3736114501953,172.00799560546875,48.48692321777344,122.0895004272461,266.1333923339844,226.56666564941406
2021-07-01,135.68003845214844,171.64849853515625,48.01018142700195,122.44450378417969,266.8210144042969,225.97332763671875
2021-07-02,138.33888244628906,175.5489959716797,48.34097671508789,125.25749969482422,272.7646179199219,226.3000030517578
2021-07-06,140.37503051757812,183.78700256347656,47.85450744628906,126.19000244140625,272.7744445800781,219.86000061035156
2021-07-07,142.89549255371094,184.82899475097656,48.39935302734375,126.4739990234375,275.00445556640625,214.88333129882812
2021-07-08,141.5808868408203,186.57049560546875,48.16098403930664,125.04399871826172,272.5386657714844,217.60333251953125
2021-07-09,143.42919921875,185.9669952392578,48.769073486328125,125.51850128173828,273.04949951171875,218.98333740234375
2021-07-12,142.82626342773438,185.92750549316406,47.25127029418945,126.97550201416016,272.4404296875,228.56666564941406
2021-07-13,143.95306396484375,183.8679962158203,45.61186218261719,127.34149932861328,276.0360107421875,222.84666442871094
2021-07-14,147.4224090576172,184.08399963378906,45.43672561645508,128.23699951171875,277.5390625,217.7933349609375
2021-07-15,146.7601776123047,181.55999755859375,45.5534782409668,127.00499725341797,276.08514404296875,216.86666870117188
2021-07-16,144.6943817138672,178.68150329589844,44.89673614501953,126.97000122070312,275.81005859375,214.74000549316406
2021-07-19,140.80003356933594,177.47950744628906,45.18376159667969,124.5780029296875,272.1358337402344,215.4066619873047
2021-07-20,144.45716857910156,178.6595001220703,46.395084381103516,126.20950317382812,274.4051513671875,220.1666717529297
2021-07-21,143.71583557128906,179.25999450683594,46.80371856689453,127.54900360107422,276.4486083984375,218.42999267578125
2021-07-22,145.09962463378906,181.90150451660156,46.67237091064453,128.42149353027344,281.105224609375,216.4199981689453
2021-07-23,146.83926391601562,182.83200073242188,46.96912384033203,133.01499938964844,284.5731201171875,214.4600067138672
2021-07-26,147.26426696777344,184.99099731445312,46.92533874511719,134.03500366210938,283.9640197753906,219.2066650390625
2021-07-27,145.0699920654297,181.3195037841797,46.750205993652344,131.89999389648438,281.4981384277344,214.92666625976562
2021-07-28,143.3007049560547,181.51600646972656,46.648048400878906,136.093994140625,281.1838073730469,215.66000366210938
2021-07-29,143.95306396484375,179.99600219726562,47.08587646484375,135.77749633789062,281.4588623046875,225.78334045410156
2021-07-30,144.1705322265625,166.37950134277344,47.003170013427734,134.72650146484375,279.8968505859375,229.06666564941406
2021-08-02,143.83445739746094,166.57400512695312,46.8426399230957,134.85450744628906,279.8084411621094,236.55667114257812
2021-08-03,145.65316772460938,168.31199645996094,47.88369369506836,135.6300048828125,282.0679626464844,236.5800018310547
2021-08-04,145.2479248046875,167.73599243164062,47.37776184082031,135.12550354003906,281.4687194824219,236.97332763671875
2021-08-05,145.3566436767578,168.79949951171875,47.83991241455078,136.25149536132812,284.4257507324219,238.2100067138672
2021-08-06,144.66371154785156,167.2469940185547,47.93720626831055,135.73849487304688,284.36676025390625,233.03334045410156
2021-08-09,144.61419677734375,167.093505859375,47.917747497558594,136.91299438476562,283.25665283203125,237.9199981689453
2021-08-10,144.12918090820312,166.03399658203125,47.87882614135742,136.8070068359375,281.3999328613281,236.663330078125
2021-08-11,144.3865203857422,164.60549926757812,48.82745361328125,136.2790069580078,281.90093994140625,235.94000244140625
2021-08-12,147.38592529296875,165.1750030517578,48.89555740356445,137.19400024414062,284.7106018066406,240.75
2021-08-13,147.59378051757812,164.69850158691406,48.662052154541016,137.7274932861328,287.6971130371094,239.05667114257812
2021-08-16,149.59339904785156,164.94949340820312,48.477195739746094,138.3094940185547,289.4163513183594,228.72332763671875
2021-08-17,148.6727752685547,162.09800720214844,47.586944580078125,136.6614990234375,287.923095703125,221.90333557128906
2021-08-18,144.88148498535156,160.06100463867188,47.168575286865234,135.44900512695312,286.1612854003906,229.663330078125
2021-08-19,145.21804809570312,159.3874969482422,46.80858612060547,135.67999267578125,292.1063232421875,224.49000549316406
2021-08-20,146.6929931640625,159.99749755859375,47.917747497558594,137.42950439453125,299.5770263671875,226.75332641601562
2021-08-23,148.19764709472656,163.2935028076172,48.705833435058594,140.04150390625,299.8624572753906,235.43333435058594
2021-08-24,148.10853576660156,165.28900146484375,49.0074462890625,141.26150512695312,297.8644104003906,236.163330078125
2021-08-25,146.8612823486328,164.95899963378906,49.649593353271484,142.07899475097656,297.2639465332031,237.06666564941406
2021-08-26,146.04954528808594,165.8000030517578,49.40149688720703,141.4405059814453,294.38983154296875,233.72000122070312
2021-08-27,147.09884643554688,167.48150634765625,47.16371154785156,144.00399780273438,295.00994873046875,237.30667114257812
2021-08-30,151.5731964111328,171.07850646972656,47.74748229980469,144.5904998779297,298.8191223144531,243.6366729736328
2021-08-31,150.29623413085938,173.5395050048828,47.41181182861328,144.69749450683594,297.1360168457031,245.24000549316406
2021-09-01,150.96932983398438,173.9499969482422,47.06641387939453,145.2154998779297,297.0867919921875,244.69667053222656
2021-09-02,152.0978240966797,173.156005859375,47.222084045410156,143.28700256347656,296.4174499511719,244.1300048828125
2021-09-03,152.74130249023438,173.90249633789062,47.256141662597656,143.739501953125,296.4076843261719,244.52333068847656
2021-09-07,155.1071319580078,175.46449279785156,46.70642852783203,144.28050231933594,295.4627380371094,250.97332763671875
2021-09-08,153.5430908203125,176.27499389648438,46.16157913208008,143.6909942626953,295.49224853515625,251.2899932861328
2021-09-09,152.51358032226562,174.20799255371094,46.88642501831055,143.54100036621094,292.57879638671875,251.6199951171875
2021-09-10,147.46511840820312,173.45750427246094,46.33184051513672,140.87600708007812,291.06298828125,245.42333984375
2021-09-13,148.03927612304688,172.85850524902344,48.10746765136719,142.33250427246094,292.3228759765625,247.6666717529297
2021-09-14,146.62368774414062,172.5,47.4020881652832,142.54449462890625,295.078857421875,248.163330078125
2021-09-15,147.5244903564453,173.7895050048828,48.861507415771484,144.42950439453125,300.02984619140625,251.94332885742188
2021-09-16,147.28692626953125,174.41200256347656,49.328521728515625,143.61000061035156,300.42352294921875,252.3300018310547
2021-09-17,144.58450317382812,173.12600708007812,48.90529251098633,140.8000030517578,295.1575622558594,253.163330078125
2021-09-20,141.49603271484375,167.7864990234375,49.07069396972656,138.71949768066406,289.67510986328125,243.38999938964844
2021-09-21,141.98106384277344,167.18150329589844,48.32638168334961,139.0330047607422,290.1672668457031,246.4600067138672
2021-09-22,144.3766326904297,169.00250244140625,48.292335510253906,140.2834930419922,293.88787841796875,250.64666748046875
2021-09-23,145.34674072265625,170.8000030517578,49.95607376098633,141.21600341796875,294.85247802734375,251.2133331298828
2021-09-24,145.43582153320312,171.2760009765625,50.53498077392578,142.21499633789062,294.645751953125,258.1300048828125
2021-09-27,143.9014892578125,170.2899932861328,51.0165901184082,141.07200622558594,289.54718017578125,263.78668212890625
2021-09-28,140.47642517089844,165.79800415039062,51.220909118652344,135.8300018310547,279.0645446777344,259.1866760253906
2021-09-29,141.38714599609375,165.05599975585938,51.264686584472656,134.35350036621094,279.5370178222656,260.4366760253906
2021-09-30,140.07057189941406,164.2519989013672,50.612815856933594,133.67599487304688,277.48968505859375,258.49334716796875
2021-10-01,141.20895385742188,164.16299438476562,51.45928192138672,136.54299926757812,284.556884765625,258.40667724609375
2021-10-04,137.7344207763672,159.48899841308594,51.196590423583984,133.6595001220703,278.66094970703125,260.510009765625
2021-10-05,139.6845245361328,161.0500030517578,51.53225326538086,136.0229949951172,284.22216796875,260.1966552734375
2021-10-06,140.56553649902344,163.10049438476562,51.32306671142578,137.56500244140625,288.5037841796875,260.9166564941406
2021-10-07,141.84249877929688,165.1215057373047,52.07710266113281,139.22500610351562,290.2165222167969,264.53668212890625
2021-10-08,141.4564208984375,164.43099975585938,51.1090202331543,139.78550720214844,290.2165222167969,261.8299865722656
2021-10-11,141.36732482910156,162.31500244140625,51.1771240234375,138.91400146484375,289.6062927246094,263.9800109863281
2021-10-12,140.08045959472656,162.3665008544922,50.47174072265625,136.44900512695312,288.2774353027344,268.5733337402344
2021-10-13,139.48654174804688,164.21400451660156,50.43768310546875,137.58200073242188,291.653564453125,270.3599853515625
2021-10-14,142.3077392578125,164.9929962158203,51.56630325317383,141.1510009765625,297.9923400878906,272.7733459472656
2021-10-15,143.3768310546875,170.4510040283203,52.39817810058594,141.3679962158203,299.4293518066406,281.010009765625
2021-10-18,145.06956481933594,172.33700561523438,52.855464935302734,142.7779998779297,302.4609680175781,290.03668212890625
2021-10-19,147.25723266601562,172.20750427246094,53.906246185302734,143.23699951171875,303.3861999511719,288.0899963378906
2021-10-20,147.75216674804688,170.7530059814453,54.30515670776367,141.7689971923828,302.5791015625,288.6000061035156
2021-10-21,147.96995544433594,171.75050354003906,54.96189880371094,141.88600158691406,305.8764343261719,298.0
2021-10-22,147.18795776367188,166.77749633789062,55.72079849243164,137.56649780273438,304.30157470703125,303.2266540527344
2021-10-25,147.13844299316406,166.01849365234375,54.62622833251953,137.44700622558594,303.2878112792969,341.6199951171875
2021-10-26,147.8115692138672,168.80349731445312,53.61436080932617,139.30850219726562,305.2366638183594,339.4766540527344
2021-10-27,147.34632873535156,169.62449645996094,52.72898483276367,146.21749877929688,318.0914611816406,345.9533386230469
2021-10-28,151.0287322998047,172.32850646972656,53.55112075805664,145.8489990234375,319.2528991699219,359.0133361816406
2021-10-29,148.28675842285156,168.6215057373047,53.50733947753906,148.04600524902344,326.40863037109375,371.3333435058594
2021-11-01,147.45523071289062,165.90550231933594,54.24677658081055,143.4969940185547,324.19403076171875,402.86334228515625
2021-11-02,148.50453186035156,165.6374969482422,52.415462493896484,145.4324951171875,327.8949279785156,390.6666564941406
2021-11-03,149.95968627929688,169.1999969482422,52.98175048828125,146.59800720214844,328.7512512207031,404.6199951171875
2021-11-04,149.43502807617188,173.85000610351562,52.37706756591797,148.2675018310547,331.1529541015625,409.9700012207031
2021-11-05,149.9703369140625,175.94949340820312,54.09513854980469,148.8520050048828,330.7788391113281,407.36334228515625
2021-11-08,149.13763427734375,174.44900512695312,53.29848861694336,149.031005859375,331.6942443847656,387.64666748046875
2021-11-09,149.50437927246094,178.81149291992188,53.82638931274414,148.9185028076172,330.67059326171875,341.1666564941406
2021-11-10,146.63943481445312,174.1024932861328,54.34468460083008,145.89349365234375,325.6015625,355.98333740234375
2021-11-11,146.58984375,173.625,53.931968688964844,145.76649475097656,327.2059326171875,354.5033264160156
2021-11-12,148.69149780273438,176.25750732421875,53.749603271484375,148.67799377441406,331.4284973144531,344.47332763671875
2021-11-15,148.70140075683594,177.28399658203125,54.421470642089844,148.45199584960938,330.78875732421875,337.7966613769531
2021-11-16,149.6927490234375,177.03500366210938,54.421470642089844,147.87600708007812,334.1746520996094,351.57666015625
2021-11-17,152.1612091064453,177.4499969482422,53.749603271484375,148.0469970703125,334.40142822265625,363.0033264160156
2021-11-18,156.50326538085938,184.80299377441406,53.653621673583984,149.8385009765625,336.52154541015625,365.4599914550781
2021-11-19,159.16006469726562,183.82850646972656,52.80898666381836,148.92649841308594,338.3359375,379.0199890136719
2021-11-22,159.6260223388672,178.6284942626953,52.91456985473633,146.302001953125,335.1015930175781,385.6233215332031
2021-11-23,160.01266479492188,179.0019989013672,52.47304916381836,145.78199768066406,332.98150634765625,369.6766662597656
2021-11-24,160.53805541992188,179.02049255371094,54.99736022949219,146.1199951171875,333.20831298828125,372.0
2021-11-26,155.4524688720703,175.22799682617188,53.9223747253418,142.18299865722656,325.0928039550781,360.6400146484375
2021-11-29,158.85276794433594,178.07850646972656,55.25651168823242,145.53050231933594,331.9461364746094,378.9966735839844
2021-11-30,163.86895751953125,175.35350036621094,54.200714111328125,141.8975067138672,325.9901428222656,381.586669921875
2021-12-01,163.34353637695312,172.18600463867188,53.4616584777832,141.05149841308594,325.4872131347656,365.0
2021-12-02,162.34228515625,171.8679962158203,54.8533935546875,142.96600341796875,324.90545654296875,361.5333251953125
2021-12-03,160.4389190673828,169.489501953125,56.12994384765625,142.00149536132812,318.515625,338.3233337402344
2021-12-06,163.88880920410156,171.36849975585938,56.389095306396484,143.15499877929688,321.6513671875,336.336669921875
2021-12-07,169.69805908203125,176.1645050048828,56.542659759521484,147.26950073242188,330.2598876953125,350.5833435058594
2021-12-08,173.5642852783203,176.1580047607422,56.05316162109375,148.18649291992188,330.3092041015625,356.32000732421875
2021-12-09,173.04879760742188,174.17100524902344,55.33329772949219,147.6385040283203,328.4652404785156,334.6000061035156
2021-12-10,177.89646911621094,172.21200561523438,55.285308837890625,148.00149536132812,337.77386474609375,339.010009765625
2021-12-13,174.2185516357422,169.5675048828125,53.480857849121094,145.82650756835938,334.6775817871094,322.13665771484375
2021-12-14,172.82080078125,169.0915069580078,52.43465805053711,143.90699768066406,323.7714538574219,319.5033264160156
2021-12-15,177.7477569580078,173.31500244140625,53.78799819946289,146.4409942626953,329.9936218261719,325.3299865722656
2021-12-16,170.76870727539062,168.87100219726562,52.78019332885742,144.44500732421875,320.3793029785156,308.97332763671875
2021-12-17,169.65841674804688,170.0175018310547,52.453853607177734,141.72500610351562,319.29461669921875,310.8566589355469
2021-12-20,168.2804412841797,167.07899475097656,51.446044921875,141.60699462890625,315.458740234375,299.9800109863281
2021-12-21,171.4923858642578,170.41700744628906,53.221702575683594,143.47250366210938,322.7360534667969,312.84332275390625
2021-12-22,174.1194305419922,171.03700256347656,53.144920349121094,146.4149932861328,328.5638122558594,336.2900085449219
2021-12-23,174.75393676757812,171.06849670410156,53.63442611694336,146.91650390625,330.0330810546875,355.6666564941406
2021-12-27,178.7688446044922,169.66949462890625,54.32548904418945,147.906494140625,337.6851806640625,364.64666748046875
2021-12-28,177.7378387451172,170.66099548339844,54.66143035888672,146.68699645996094,336.5018005371094,362.8233337402344
2021-12-29,177.8270721435547,169.2010040283203,54.757408142089844,146.65499877929688,337.19207763671875,362.0633239746094
2021-12-30,176.65728759765625,168.64450073242188,54.239105224609375,146.20050048828125,334.5986633300781,356.7799987792969
2021-12-31,176.03273010253906,166.7169952392578,53.91277313232422,144.8520050048828,331.6404113769531,352.260009765625
2022-01-03,180.43431091308594,170.4044952392578,54.69021987915039,144.9915008544922,330.09228515625,399.9266662597656
2022-01-04,178.144287109375,167.52200317382812,56.1395378112793,144.39950561523438,324.43212890625,383.1966552734375
2022-01-05,173.4056854248047,164.35699462890625,55.65003967285156,137.77499389648438,311.97784423828125,362.7066650390625
2022-01-06,170.51095581054688,163.25399780273438,55.70762634277344,137.74749755859375,309.51263427734375,354.8999938964844
2022-01-07,170.67947387695312,162.5540008544922,55.65963363647461,137.01699829101562,309.6704406738281,342.32000732421875
2022-01-10,170.6993408203125,161.48599243164062,57.47368621826172,138.66949462890625,309.8971862792969,352.7066650390625
2022-01-11,173.5642852783203,165.36199951171875,57.82881546020508,139.73599243164062,310.59735107421875,354.79998779296875
2022-01-12,174.0103759765625,165.20700073242188,57.54086685180664,141.4304962158203,313.8415222167969,368.739990234375
2022-01-13,170.6993408203125,161.21400451660156,57.75202560424805,138.58700561523438,300.5589904785156,343.85333251953125
2022-01-14,171.57168579101562,162.13800048828125,58.097557067871094,139.48049926757812,305.8838806152344,349.8699951171875
2022-01-18,168.32998657226562,158.91749572753906,57.08975601196289,135.9980010986328,298.4388732910156,343.5033264160156
2022-01-19,164.7908935546875,156.2989959716797,55.63084411621094,135.1165008544922,299.10943603515625,331.8833312988281
2022-01-20,163.0858154296875,151.66749572753906,55.093345642089844,133.3074951171875,297.40350341796875,332.0899963378906
2022-01-21,161.00396728515625,142.64300537109375,53.336883544921875,130.35150146484375,291.9110412597656,314.6333312988281
2022-01-24,160.2208251953125,144.54400634765625,53.192909240722656,130.8040008544922,292.24627685546875,310.0
2022-01-25,158.39674377441406,139.98599243164062,53.21210479736328,126.93499755859375,284.4759216308594,306.1333312988281
2022-01-26,158.30752563476562,138.87249755859375,53.116127014160156,129.23300170898438,292.58154296875,312.4700012207031
2022-01-27,157.8415985107422,139.6374969482422,53.221702575683594,129.0050048828125,295.66796875,276.3666687011719
2022-01-28,168.8554229736328,143.97799682617188,53.97996139526367,133.3509979248047,303.9708557128906,282.1166687011719
2022-01-31,173.26687622070312,149.57350158691406,54.52705764770508,135.30349731445312,306.65301513671875,312.239990234375
2022-02-01,173.09835815429688,151.19349670410156,56.21632766723633,137.6439971923828,304.4638671875,310.4166564941406
2022-02-02,174.3177032470703,150.6125030517578,57.01297378540039,148.0,309.0984802246094,301.88665771484375
2022-02-03,171.40316772460938,138.8455047607422,56.82101058959961,143.08999633789062,297.058349609375,297.0466613769531
2022-02-04,171.1153106689453,157.63949584960938,56.379493713378906,143.29299926757812,301.6831359863281,307.7733459472656
2022-02-07,170.39071655273438,157.9355010986328,56.59065246582031,139.2010040283203,296.7625427246094,302.4466552734375
2022-02-08,173.5372772216797,161.4134979248047,57.54086685180664,139.3990020751953,300.3223571777344,307.3333435058594
2022-02-09,174.97654724121094,161.1894989013672,58.32791519165039,141.5919952392578,306.8797607421875,310.6666564941406
2022-02-10,170.84730529785156,159.0034942626953,58.27992630004883,138.6199951171875,298.1726989746094,301.51666259765625
2022-02-11,167.39303588867188,153.2935028076172,57.11854934692383,134.28250122070312,290.9347839355469,286.6666564941406
2022-02-14,167.63125610351562,155.16700744628906,56.245121002197266,135.5260009765625,290.89532470703125,291.9200134277344
2022-02-15,171.51234436035156,156.510498046875,57.41609191894531,136.60850524902344,296.2892761230469,307.4766540527344
2022-02-16,171.2741241455078,158.10049438476562,57.86720275878906,137.73800659179688,295.94342041015625,307.7966613769531
2022-02-17,167.63125610351562,154.65249633789062,56.87859344482422,132.53900146484375,287.277587890625,292.1166687011719
2022-02-18,166.06295776367188,152.60150146484375,56.53306579589844,130.4029998779297,284.5107727050781,285.6600036621094
2022-02-22,163.10499572753906,150.19749450683594,54.83419418334961,129.81350708007812,284.3032531738281,273.84332275390625
2022-02-23,158.8864288330078,144.82699584960938,54.49825668334961,127.58799743652344,276.9417724609375,254.67999267578125
2022-02-24,161.5366668701172,151.35800170898438,53.59603500366211,132.6909942626953,291.0917053222656,266.92333984375
2022-02-25,163.63107299804688,153.7884979248047,49.39204406738281,134.45950317382812,293.7793884277344,269.9566650390625
2022-02-28,163.89906311035156,153.56300354003906,48.912139892578125,135.0570068359375,295.2418212890625,290.1433410644531
2022-03-01,161.99327087402344,151.14199829101562,47.87553787231445,134.06149291992188,291.4474792480469,288.1233215332031
2022-03-02,165.32839965820312,152.05250549316406,51.446044921875,134.57150268554688,296.6252136230469,293.2966613769531
2022-03-03,165.0008544921875,147.89849853515625,50.47663497924805,133.89950561523438,292.4059143066406,279.7633361816406
2022-03-04,161.96348571777344,145.64100646972656,49.871952056884766,131.906494140625,286.4178466796875,279.42999267578125
2022-03-07,158.1221160888672,137.4530029296875,47.34764099121094,126.37850189208984,275.5979309082031,268.1933288574219
2022-03-08,156.27586364746094,136.01449584960938,48.221073150634766,127.10449981689453,272.5742492675781,274.79998779296875
2022-03-09,161.7451171875,139.2790069580078,49.891151428222656,133.4199981689453,285.07403564453125,286.3233337402344
2022-03-10,157.34786987304688,146.8175048828125,49.881553649902344,132.42950439453125,282.1985778808594,279.4333190917969
2022-03-11,153.58590698242188,145.52450561523438,49.919944763183594,129.87049865722656,276.7441101074219,265.1166687011719
2022-03-14,149.5062713623047,141.85299682617188,48.70098114013672,125.95099639892578,273.1572570800781,255.4566650390625
2022-03-15,153.9432373046875,147.3665008544922,49.98713684082031,129.197998046875,283.74005126953125,267.2966613769531
2022-03-16,158.40997314453125,153.10400390625,49.881553649902344,133.28050231933594,290.89410400390625,280.07666015625
2022-03-17,159.4323272705078,157.23899841308594,48.480220794677734,133.83900451660156,291.7142333984375,290.5333251953125
2022-03-18,162.76748657226562,161.25050354003906,49.74717712402344,136.12550354003906,296.8623352050781,301.7966613769531
2022-03-21,164.15713500976562,161.4915008544922,50.21748352050781,136.10150146484375,295.607421875,307.0533447265625
2022-03-22,167.57171630859375,164.88900756835938,50.860565185546875,139.8679962158203,300.4492492675781,331.32666015625
2022-03-23,168.95144653320312,163.4080047607422,50.486228942871094,138.27549743652344,295.9335021972656,333.03668212890625
2022-03-24,172.78289794921875,163.64950561523438,51.35966491699219,141.57200622558594,300.4888000488281,337.97332763671875
2022-03-25,173.42808532714844,164.77349853515625,52.58823013305664,141.67300415039062,300.0737609863281,336.8800048828125
2022-03-28,174.3015899658203,168.99049377441406,52.117923736572266,141.45550537109375,307.0103759765625,363.9466552734375
2022-03-29,177.63673400878906,169.31500244140625,52.81858444213867,142.5054931640625,311.6644592285156,366.5233459472656
2022-03-30,176.45555114746094,166.30099487304688,52.137115478515625,141.93850708007812,310.13287353515625,364.663330078125
2022-03-31,173.31890869140625,162.99749755859375,48.17308044433594,139.0675048828125,304.6487731933594,359.20001220703125
2022-04-01,173.0211181640625,163.55999755859375,46.83893585205078,140.15049743652344,305.74560546875,361.5299987792969
2022-04-04,177.12057495117188,168.34649658203125,47.395633697509766,142.97149658203125,311.22967529296875,381.8166809082031
2022-04-05,173.7655792236328,164.05499267578125,46.70456314086914,140.59100341796875,307.1882629394531,363.7533264160156
2022-04-06,170.55946350097656,158.75599670410156,45.2264518737793,136.54800415039062,295.94342041015625,348.586669921875
2022-04-07,170.86717224121094,157.7845001220703,45.77354431152344,135.8885040283203,297.7911682128906,352.4200134277344
2022-04-08,168.83233642578125,154.4604949951172,45.485599517822266,133.28750610351562,293.4434509277344,341.8299865722656
2022-04-11,164.5244140625,151.1219940185547,45.06328201293945,128.82350158691406,281.8725280761719,325.30999755859375
2022-04-12,166.4202880859375,150.78750610351562,45.207252502441406,127.7145004272461,278.7104797363281,328.98333740234375
2022-04-13,169.14002990722656,155.54100036621094,45.408817291259766,129.8939971923828,284.2044372558594,340.7900085449219
2022-04-14,164.0677947998047,151.7064971923828,45.05368423461914,126.7300033569336,276.5069885253906,328.3333435058594
2022-04-18,163.8494415283203,152.78500366210938,45.53359603881836,127.67649841308594,277.18878173828125,334.7633361816406
2022-04-19,166.16220092773438,158.11549377441406,46.38414764404297,130.00900268554688,281.9120178222656,342.7166748046875
2022-04-20,165.99346923828125,153.9980010986328,47.360347747802734,128.0399932861328,282.95941162109375,325.73333740234375
2022-04-21,165.189453125,148.29600524902344,46.59678268432617,124.81449890136719,277.4753112792969,336.260009765625
2022-04-22,160.59368896484375,144.35000610351562,45.30162048339844,119.635498046875,270.7758483886719,335.01666259765625
2022-04-25,161.67564392089844,146.07400512695312,45.688236236572266,123.0739974975586,277.38641357421875,332.67333984375
2022-04-26,155.64060974121094,139.39100646972656,44.95366668701172,118.6500015258789,267.0111083984375,292.1400146484375
2022-04-27,155.4123077392578,138.16700744628906,44.99233627319336,114.29450225830078,279.85675048828125,293.836669921875
2022-04-28,162.43002319335938,144.59649658203125,46.50979232788086,118.52249908447266,286.19061279296875,292.5033264160156
2022-04-29,156.4842987060547,124.28150177001953,45.43693542480469,114.1094970703125,274.2243957519531,290.2533264160156
2022-05-02,156.79202270507812,124.5,45.910545349121094,116.58300018310547,281.0918884277344,300.9800109863281
2022-05-03,158.30076599121094,124.25350189208984,46.24882507324219,117.33399963378906,278.433837890625,303.0833435058594
2022-05-04,164.79241943359375,125.92849731445312,47.17670822143555,122.26100158691406,286.5364685058594,317.5400085449219
2022-05-05,155.61080932617188,116.40699768066406,45.67856979370117,116.50550079345703,274.05645751953125,291.09332275390625
2022-05-06,156.34640502929688,114.77249908447266,44.05479049682617,115.74649810791016,271.4675598144531,288.54998779296875
2022-05-09,151.15740966796875,108.78900146484375,43.67783737182617,112.51100158691406,261.4380798339844,262.3699951171875
2022-05-10,153.5928497314453,108.85900115966797,43.97747039794922,114.3949966430664,266.2996826171875,266.67999267578125
2022-05-11,145.6304168701172,105.37200164794922,42.92394256591797,113.60250091552734,257.4559326171875,244.6666717529297
2022-05-12,141.7137908935547,106.93049621582031,42.276363372802734,112.84400177001953,252.3176727294922,242.6666717529297
2022-05-13,146.23678588867188,113.05500030517578,43.58118438720703,116.05049896240234,258.0191650390625,256.5299987792969
2022-05-16,144.6761016845703,110.81050109863281,43.523197174072266,114.44499969482422,258.3946228027344,241.4566650390625
2022-05-17,148.35415649414062,115.36849975585938,45.050323486328125,116.4729995727539,263.6514892578125,253.8699951171875
2022-05-18,139.98411560058594,107.11250305175781,41.86074447631836,111.89949798583984,251.64752197265625,236.60333251953125
2022-05-19,136.53472900390625,107.31900024414062,39.724700927734375,110.38400268554688,250.7165069580078,236.47332763671875
2022-05-20,136.77328491210938,107.59100341796875,38.7098388671875,108.90799713134766,250.14207458496094,221.3000030517578
2022-05-23,142.26052856445312,107.55699920654297,39.84068298339844,111.48799896240234,258.15460205078125,224.96665954589844
2022-05-24,139.52685546875,104.0999984741211,39.512062072753906,105.97000122070312,257.1344909667969,209.3866729736328
2022-05-25,139.6859130859375,106.7750015258789,41.85108184814453,105.80500030517578,260.0066833496094,219.60000610351562
2022-05-26,142.9265594482422,111.07749938964844,42.46000289916992,107.7925033569336,263.3543701171875,235.91000366210938
2022-05-27,148.75177001953125,115.14649963378906,47.92094421386719,112.31649780273438,270.62408447265625,253.2100067138672
2022-05-31,147.95651245117188,120.20950317382812,48.268890380859375,113.76200103759766,269.2672119140625,252.75332641601562
2022-06-01,147.82728576660156,121.68399810791016,48.974464416503906,113.89199829101562,269.81195068359375,246.7899932861328
2022-06-02,150.3124542236328,125.51100158691406,49.564048767089844,117.62249755859375,271.9512634277344,258.3333435058594
2022-06-03,144.51705932617188,122.3499984741211,49.3127555847168,114.54100036621094,267.4349060058594,234.51666259765625
2022-06-06,145.2725372314453,124.79000091552734,48.36554718017578,116.82050323486328,266.17706298828125,238.27999877929688
2022-06-07,147.82728576660156,123.0,49.43840789794922,117.14949798583984,269.89117431640625,238.8866729736328
2022-06-08,147.0817413330078,121.18000030517578,48.645843505859375,117.19400024414062,267.8211975097656,241.86666870117188
2022-06-09,141.79331970214844,116.1500015258789,48.66517639160156,114.83550262451172,262.2550048828125,239.7066650390625
2022-06-10,136.3160400390625,109.6500015258789,47.514991760253906,111.1614990234375,250.56796264648438,232.22999572753906
2022-06-13,131.09719848632812,103.66999816894531,45.668907165527344,106.39250183105469,239.940673828125,215.73666381835938
2022-06-14,131.97195434570312,102.30999755859375,45.76555633544922,106.71549987792969,242.1493377685547,220.88999938964844
2022-06-15,134.6260986328125,107.66999816894531,46.306819915771484,109.7645034790039,249.3497314453125,233.0
2022-06-16,129.28799438476562,103.66000366210938,44.35441970825195,106.03350067138672,242.62474060058594,213.10000610351562
2022-06-17,130.7790985107422,106.22000122070312,45.99753189086914,107.14350128173828,245.27908325195312,216.75999450683594
2022-06-21,135.06350708007812,108.68000030517578,47.58265686035156,111.54399871826172,251.310791015625,237.0366668701172
2022-06-22,134.54660034179688,108.94999694824219,46.9833984375,111.48750305175781,250.7066192626953,236.086669921875
2022-06-23,137.4492645263672,112.44000244140625,47.39901351928711,112.24199676513672,256.3817443847656,235.07000732421875
2022-06-24,140.8191375732422,116.45999908447266,48.568519592285156,117.9749984741211,265.1371154785156,245.7066650390625
2022-06-27,140.8191375732422,113.22000122070312,48.55885696411133,115.83350372314453,262.35406494140625,244.9199981689453
2022-06-28,136.6241912841797,107.4000015258789,47.3023567199707,112.00749969482422,254.0245361328125,232.663330078125
2022-06-29,138.403564453125,108.91999816894531,45.804222106933594,111.70149993896484,257.76837158203125,228.49000549316406
2022-06-30,135.90847778320312,106.20999908447266,44.66370391845703,108.96299743652344,254.37115478515625,224.47332763671875
2022-07-01,138.1053466796875,109.55999755859375,41.30982208251953,108.73750305175781,257.0948486328125,227.26333618164062
2022-07-05,140.71974182128906,113.5,41.69643783569336,113.26300048828125,260.33355712890625,233.06666564941406
2022-07-06,142.0716552734375,114.33000183105469,40.78789520263672,114.5719985961914,263.661376953125,231.73333740234375
2022-07-07,145.48130798339844,116.33000183105469,41.50312805175781,118.78299713134766,265.83038330078125,244.5433349609375
2022-07-08,146.1671905517578,115.54000091552734,41.483795166015625,119.35350036621094,265.0975036621094,250.76333618164062
2022-07-11,144.01007080078125,111.75,41.05852508544922,115.67649841308594,261.9776611328125,234.3433380126953
2022-07-12,144.99420166015625,109.22000122070312,41.60944747924805,114.02050018310547,251.24143981933594,233.07000732421875
2022-07-13,144.62640380859375,110.4000015258789,41.69643783569336,111.35350036621094,250.300537109375,237.0399932861328
2022-07-14,147.58871459960938,110.62999725341797,41.27116394042969,110.36750030517578,251.64752197265625,238.31333923339844
2022-07-15,149.27862548828125,113.55000305175781,42.00572967529297,111.77749633789062,254.26223754882812,240.06666564941406
2022-07-18,146.19703674316406,113.76000213623047,41.46446990966797,109.02999877929688,251.81588745117188,240.54666137695312
2022-07-19,150.10369873046875,118.20999908447266,42.89629364013672,113.80999755859375,257.04534912109375,245.52999877929688
2022-07-20,152.13157653808594,122.7699966430664,43.02291488647461,113.9000015258789,259.75909423828125,247.5
2022-07-21,154.42787170410156,124.62999725341797,43.490455627441406,114.33999633789062,262.30450439453125,271.7066650390625
2022-07-22,153.17535400390625,122.41999816894531,42.214473724365234,107.9000015258789,257.86737060546875,272.24334716796875
2022-07-25,152.04209899902344,121.13999938964844,42.71122741699219,107.51000213623047,256.35205078125,268.4333190917969
2022-07-26,150.7001495361328,114.80999755859375,42.3021354675293,105.0199966430664,249.48837280273438,258.8599853515625
2022-07-27,155.8593292236328,120.97000122070312,43.13980484008789,113.05999755859375,266.16717529296875,274.82000732421875
2022-07-28,156.416015625,122.27999877929688,43.3443489074707,114.22000122070312,273.76373291015625,280.8999938964844
2022-07-29,161.5453643798828,134.9499969482422,43.88980484008789,116.31999969482422,278.0522766113281,297.1499938964844
2022-08-01,160.5513153076172,135.38999938964844,44.240455627441406,114.86000061035156,275.3484191894531,297.27667236328125
2022-08-02,159.06019592285156,134.16000366210938,43.11058044433594,115.12999725341797,272.18896484375,300.586669921875
2022-08-03,165.14389038085938,139.52000427246094,43.29564666748047,118.08000183105469,279.7657165527344,307.39666748046875
2022-08-04,164.82577514648438,142.57000732421875,43.05213928222656,118.19000244140625,280.9344482421875,308.6333312988281
2022-08-05,164.59683227539062,140.8000030517578,44.23072052001953,117.47000122070312,280.2015075683594,288.1700134277344
2022-08-08,164.1190185546875,139.41000366210938,44.269676208496094,117.30000305175781,277.63629150390625,290.42333984375
2022-08-09,164.16879272460938,137.8300018310547,43.91902542114258,116.62999725341797,279.59735107421875,283.3333435058594
2022-08-10,168.46913146972656,142.69000244140625,46.00345230102539,119.69999694824219,286.3916931152344,294.3566589355469
2022-08-11,167.7225341796875,140.63999938964844,46.36384201049805,118.83999633789062,284.27215576171875,286.6300048828125
2022-08-12,171.31610107421875,143.5500030517578,46.967742919921875,121.68000030517578,289.1153564453125,300.0299987792969
2022-08-15,172.401123046875,143.17999267578125,47.04566192626953,122.08000183105469,290.660400390625,309.32000732421875
2022-08-16,172.24185180664062,144.77999877929688,47.32813262939453,121.69999694824219,289.90765380859375,306.5633239746094
2022-08-17,173.7549285888672,142.10000610351562,46.58787155151367,119.55000305175781,289.1434326171875,303.9966735839844
2022-08-18,173.3567352294922,142.3000030517578,47.669044494628906,120.16999816894531,288.0020446777344,302.8699951171875
2022-08-19,170.7387237548828,138.22999572753906,46.43202209472656,117.20999908447266,284.0120544433594,296.6666564941406
2022-08-22,166.80673217773438,133.22000122070312,45.62358093261719,114.23999786376953,275.6748046875,289.913330078125
2022-08-23,166.46827697753906,133.6199951171875,45.720985412597656,113.86000061035156,274.3746032714844,296.4533386230469
2022-08-24,166.76690673828125,133.8000030517578,45.4092903137207,113.69000244140625,273.7294616699219,297.0966796875
2022-08-25,169.25550842285156,137.27999877929688,46.65605545043945,116.6500015258789,276.7666320800781,296.07000732421875
2022-08-26,162.8747100830078,130.75,40.35407638549805,110.33999633789062,266.0870056152344,288.0899963378906
2022-08-29,160.64491271972656,129.7899932861328,39.535892486572266,109.41999816894531,263.24835205078125,284.82000732421875
2022-08-30,158.18617248535156,128.72999572753906,38.65925979614258,108.94000244140625,261.0052490234375,277.70001220703125
2022-08-31,156.50387573242188,126.7699966430664,37.295623779296875,108.22000122070312,259.5164489746094,275.6099853515625
2022-09-01,157.24049377441406,127.81999969482422,36.672245025634766,109.73999786376953,258.4544677734375,277.1600036621094
2022-09-02,155.10028076171875,127.51000213623047,36.8086051940918,107.8499984741211,254.14686584472656,270.2099914550781
2022-09-06,153.82611083984375,126.11000061035156,36.321590423583984,106.80999755859375,251.3578643798828,274.4200134277344
2022-09-07,155.24960327148438,129.47999572753906,36.99366760253906,109.44999694824219,256.1617126464844,283.70001220703125
2022-09-08,153.75645446777344,129.82000732421875,37.50016784667969,108.37999725341797,256.5885009765625,289.260009765625
2022-09-09,156.65316772460938,133.27000427246094,38.75666427612305,110.6500015258789,262.4841003417969,299.67999267578125
2022-09-12,162.68557739257812,136.4499969482422,39.253421783447266,110.86000061035156,264.6577453613281,304.4200134277344
2022-09-13,153.13925170898438,126.81999969482422,37.305362701416016,104.31999969482422,250.10728454589844,292.1300048828125
2022-09-14,154.60256958007812,128.5500030517578,37.13977813720703,105.0,250.33555603027344,302.6099853515625
2022-09-15,151.6759490966797,126.27999877929688,36.672245025634766,102.91000366210938,243.54666137695312,303.75
2022-09-16,150.0135498046875,123.52999877929688,36.974185943603516,102.80000305175781,242.9114532470703,303.3500061035156
2022-09-19,153.77635192871094,124.66000366210938,36.83782958984375,103.06999969482422,242.69309997558594,309.07000732421875
2022-09-20,156.18531799316406,122.19000244140625,35.99041748046875,101.13999938964844,240.63856506347656,308.7300109863281
2022-09-21,153.01980590820312,118.54000091552734,35.82483673095703,99.27999877929688,237.16470336914062,300.79998779296875
2022-09-22,152.0442657470703,117.30999755859375,35.33781814575195,100.13999938964844,239.17953491210938,288.5899963378906
2022-09-23,149.7447967529297,113.77999877929688,34.597557067871094,98.73999786376953,236.1424102783203,275.3299865722656
2022-09-26,150.083251953125,115.1500015258789,33.798851013183594,98.16999816894531,235.67591857910156,276.010009765625
2022-09-27,151.0687255859375,114.41000366210938,33.81833267211914,97.5,234.64369201660156,282.94000244140625
2022-09-28,149.15748596191406,118.01000213623047,34.373531341552734,100.05000305175781,239.2688751220703,287.80999755859375
2022-09-29,141.83099365234375,114.80000305175781,33.302093505859375,97.41999816894531,235.72555541992188,268.2099914550781
2022-09-30,137.57049560546875,113.0,33.28261184692383,95.6500015258789,231.15989685058594,265.25
2022-10-03,141.8011474609375,115.87999725341797,34.94820785522461,98.63999938964844,238.9413299560547,242.39999389648438
2022-10-04,145.4345245361328,121.08999633789062,36.48717498779297,101.63999938964844,247.02052307128906,249.44000244140625
2022-10-05,145.73313903808594,120.94999694824219,36.87678527832031,101.43000030517578,247.33811950683594,240.80999755859375
2022-10-06,144.76756286621094,120.30000305175781,36.50665283203125,101.41999816894531,244.9461212158203,238.1300048828125
2022-10-07,139.45188903808594,114.55999755859375,33.701446533203125,98.68000030517578,232.4899139404297,223.07000732421875
2022-10-10,139.7803955078125,113.66999816894531,33.584564208984375,97.86000061035156,227.5371856689453,222.9600067138672
2022-10-11,138.34695434570312,112.20999908447266,32.99040603637695,97.18000030517578,223.7258758544922,216.5
2022-10-12,137.70985412597656,112.9000015258789,32.89300537109375,97.55999755859375,224.06332397460938,217.24000549316406
2022-10-13,142.33868408203125,112.52999877929688,34.081321716308594,99.05999755859375,232.4899139404297,221.72000122070312
2022-10-14,137.7496795654297,106.9000015258789,33.370277404785156,96.55999755859375,226.8523406982422,204.99000549316406
2022-10-17,141.76133728027344,113.79000091552734,33.574825286865234,99.97000122070312,235.75531005859375,219.35000610351562
2022-10-18,143.09523010253906,116.36000061035156,33.98786926269531,100.7699966430664,236.71807861328125,220.19000244140625
2022-10-19,143.20472717285156,115.06999969482422,33.91903305053711,99.62999725341797,234.71315002441406,222.0399932861328
2022-10-20,142.7368621826172,115.25,34.28290557861328,99.97000122070312,234.38563537597656,207.27999877929688
2022-10-21,146.5991973876953,119.31999969482422,36.239959716796875,101.12999725341797,240.31101989746094,214.44000244140625
2022-10-24,148.76925659179688,119.81999969482422,36.662841796875,102.5199966430664,245.4027099609375,211.25
2022-10-25,151.64610290527344,120.5999984741211,37.11522674560547,104.4800033569336,248.78721618652344,222.4199981689453
2022-10-26,148.6697235107422,115.66000366210938,37.16440200805664,94.93000030517578,229.5917205810547,224.63999938964844
2022-10-27,144.14044189453125,110.95999908447266,37.13489532470703,92.22000122070312,225.05584716796875,225.08999633789062
2022-10-28,155.03060913085938,103.41000366210938,38.51171875,96.29000091552734,234.10772705078125,228.52000427246094
2022-10-31,152.6415252685547,102.44000244140625,37.76430130004883,94.51000213623047,230.39566040039062,227.5399932861328
2022-11-01,149.9637908935547,96.79000091552734,38.50188446044922,90.47000122070312,226.46524047851562,227.82000732421875
2022-11-02,144.369384765625,92.12000274658203,37.04638671875,86.97000122070312,218.45555114746094,214.97999572753906
2022-11-03,138.24740600585938,89.30000305175781,36.73168182373047,83.43000030517578,212.6492462158203,215.30999755859375
2022-11-04,137.9781951904297,90.9800033569336,38.354366302490234,86.58000183105469,219.7359161376953,207.47000122070312
2022-11-07,138.51661682128906,90.52999877929688,39.209964752197266,88.48999786376953,226.16748046875,197.0800018310547
2022-11-08,139.09494018554688,89.9800033569336,39.750858306884766,88.9000015258789,227.16001892089844,191.3000030517578
2022-11-09,134.47837829589844,86.13999938964844,38.67890930175781,87.31999969482422,222.8325958251953,177.58999633789062
2022-11-10,146.4435272216797,96.62999725341797,41.02934265136719,93.94000244140625,241.1645965576172,190.72000122070312
2022-11-11,149.26531982421875,100.79000091552734,41.973445892333984,96.41000366210938,245.2637481689453,195.97000122070312
2022-11-14,147.8494415283203,98.48999786376953,41.550567626953125,95.69999694824219,239.7452850341797,190.9499969482422
2022-11-15,149.6043243408203,98.94000244140625,41.64891052246094,98.44000244140625,240.1621551513672,194.4199981689453
2022-11-16,148.3579559326172,97.12000274658203,40.4982795715332,98.8499984741211,240.60008239746094,186.9199981689453
2022-11-17,150.2823486328125,94.8499984741211,41.06867218017578,98.36000061035156,240.55030822753906,183.1699981689453
2022-11-18,150.85069274902344,94.13999938964844,41.34404373168945,97.43000030517578,240.09246826171875,180.19000244140625
2022-11-21,147.58023071289062,92.45999908447266,40.390098571777344,95.5999984741211,240.91859436035156,167.8699951171875
2022-11-22,149.74391174316406,93.19999694824219,43.12407684326172,97.05000305175781,243.88465881347656,169.91000366210938
2022-11-23,150.63134765625,94.12999725341797,43.871498107910156,98.45999908447266,246.42274475097656,183.1999969482422
2022-11-25,147.67994689941406,93.41000366210938,43.89116668701172,97.45999908447266,246.3331756591797,182.86000061035156
2022-11-28,143.80123901367188,93.94999694824219,42.858551025390625,96.05000305175781,240.62994384765625,182.9199981689453
2022-11-29,140.7600860595703,92.41999816894531,42.79954147338867,95.19000244140625,239.20663452148438,180.8300018310547
2022-11-30,147.6001739501953,96.54000091552734,44.048519134521484,100.98999786376953,253.94740295410156,194.6999969482422
2022-12-01,147.8793487548828,95.5,44.156700134277344,100.98999786376953,253.49949645996094,194.6999969482422
2022-12-02,147.3808135986328,94.12999725341797,43.80265808105469,100.44000244140625,253.82797241210938,194.86000061035156
2022-12-05,146.20423889160156,91.01000213623047,42.356990814208984,99.4800033569336,249.03048706054688,182.4499969482422
2022-12-06,142.4950408935547,88.25,41.76692581176758,96.9800033569336,243.97422790527344,179.82000732421875
2022-12-07,140.53076171875,88.45999908447266,41.22602462768555,94.94000244140625,243.22775268554688,174.0399932861328
2022-12-08,142.2357940673828,90.3499984741211,41.5308952331543,93.70999908447266,246.2435760498047,173.44000244140625
2022-12-09,141.74720764160156,89.08999633789062,41.13751983642578,92.83000183105469,244.2728271484375,179.0500030517578
2022-12-12,144.07044982910156,90.55000305175781,42.160301208496094,93.30999755859375,251.32969665527344,167.82000732421875
2022-12-13,145.047607421875,92.48999786376953,42.14063262939453,95.62999725341797,255.71908569335938,160.9499969482422
2022-12-14,142.79417419433594,91.58000183105469,40.9900016784668,95.06999969482422,256.0177001953125,156.8000030517578
2022-12-15,136.10365295410156,88.44999694824219,38.72807693481445,90.86000061035156,247.84603881835938,157.6699981689453
2022-12-16,134.1194305419922,87.86000061035156,38.60022735595703,90.26000213623047,243.54624938964844,150.22999572753906
2022-12-19,131.98562622070312,84.91999816894531,38.354366302490234,88.44000244140625,239.32606506347656,149.8699951171875
2022-12-20,131.9158477783203,85.19000244140625,38.305198669433594,89.0199966430664,240.6697540283203,137.8000030517578
2022-12-21,135.05670166015625,86.7699966430664,38.47237777709961,89.58000183105469,243.28746032714844,137.57000732421875
2022-12-22,131.84603881835938,83.79000091552734,38.49205017089844,87.76000213623047,237.07662963867188,125.3499984741211
2022-12-23,131.4771270751953,85.25,38.47237777709961,89.2300033569336,237.61410522460938,123.1500015258789
2022-12-27,129.65243530273438,83.04000091552734,38.7575798034668,87.38999938964844,235.85238647460938,109.0999984741211
2022-12-28,125.67401885986328,81.81999969482422,38.11833953857422,86.0199966430664,233.43373107910156,112.70999908447266
2022-12-29,129.23365783691406,84.18000030517578,39.16079330444336,88.44999694824219,239.88345336914062,121.81999969482422
2022-12-30,129.55271911621094,84.0,39.55417251586914,88.2300033569336,238.6990203857422,123.18000030517578
